{"cameraMode":{"drawMode":0,"name":"Shaded","section":"Shading Mode"},"sceneLighting":false,"audioPlay":false,"sceneViewState":{"showFog":true,"showMaterialUpdate":false,"showSkybox":false,"showFlares":true,"showImageEffects":true,"showParticleSystems":true},"in2DMode":false,"pivot":{"x":502.5,"y":3.0273501873016359,"z":538.7000122070313},"rotation":{"x":-0.12723226845264436,"y":0.7586535811424255,"z":-0.15576109290122987,"w":-0.619687557220459},"size":57.936378479003909,"orthographic":false}