{"cameraMode":{"drawMode":0,"name":"Shaded","section":"Shading Mode"},"sceneLighting":false,"audioPlay":false,"sceneViewState":{"showFog":true,"showMaterialUpdate":false,"showSkybox":false,"showFlares":true,"showImageEffects":true,"showParticleSystems":true},"in2DMode":false,"pivot":{"x":499.9869079589844,"y":2.712190866470337,"z":500.0},"rotation":{"x":0.22774477303028108,"y":-0.7187894582748413,"z":0.2742510437965393,"w":0.5968872308731079},"size":18.103105545043947,"orthographic":false}