{"cameraMode":{"drawMode":0,"name":"Shaded","section":"Shading Mode"},"sceneLighting":false,"audioPlay":false,"sceneViewState":{"showFog":true,"showMaterialUpdate":false,"showSkybox":false,"showFlares":true,"showImageEffects":true,"showParticleSystems":true},"in2DMode":false,"pivot":{"x":500.357421875,"y":4.084630966186523,"z":499.4373779296875},"rotation":{"x":-0.07955774664878845,"y":-0.8813638091087341,"z":0.43721795082092287,"w":-0.16037079691886903},"size":15.489636421203614,"orthographic":true}